Domain Code,Domain,Area Code,Area,Element Code,Element,Item Code,Item,Year Code,Year,Unit,Value,Flag,Flag Description
RP,Pesticides Use,4,Algeria,5161,Use,1357,Pesticides,2014,2014,tonnes of active ingredients,21999,A,"Aggregate, may include official, semi-official, estimated or calculated data"
RP,Pesticides Use,4,Algeria,5161,Use,1309,Insecticides,2014,2014,tonnes of active ingredients,1230,Q,Official data reported on FAO Questionnaires from countries
RP,Pesticides Use,4,Algeria,5161,Use,1320,Herbicides,2014,2014,tonnes of active ingredients,830,Q,Official data reported on FAO Questionnaires from countries
RP,Pesticides Use,4,Algeria,5161,Use,1331,Fungicides&Bactericides,2014,2014,tonnes of active ingredients,2005,Q,Official data reported on FAO Questionnaires from countries
RP,Pesticides Use,4,Algeria,5161,Use,1356,Plant Growth Regulators,2014,2014,tonnes of active ingredients,17934,Q,Official data reported on FAO Questionnaires from countries
RP,Pesticides Use,9,Argentina,5161,Use,1357,Pesticides,2014,2014,tonnes of active ingredients,207706,A,"Aggregate, may include official, semi-official, estimated or calculated data"
RP,Pesticides Use,9,Argentina,5161,Use,1309,Insecticides,2014,2014,tonnes of active ingredients,7919.3,Q,Official data reported on FAO Questionnaires from countries
RP,Pesticides Use,9,Argentina,5161,Use,1354,Mineral Oils,2014,2014,tonnes of active ingredients,1490.3,Q,Official data reported on FAO Questionnaires from countries
RP,Pesticides Use,9,Argentina,5161,Use,1320,Herbicides,2014,2014,tonnes of active ingredients,194257.3,Q,Official data reported on FAO Questionnaires from countries
RP,Pesticides Use,9,Argentina,5161,Use,1331,Fungicides&Bactericides,2014,2014,tonnes of active ingredients,3955.7,Q,Official data reported on FAO Questionnaires from countries
RP,Pesticides Use,9,Argentina,5161,Use,1356,Plant Growth Regulators,2014,2014,tonnes of active ingredients,33,Q,Official data reported on FAO Questionnaires from countries
RP,Pesticides Use,11,Austria,5161,Use,1357,Pesticides,2014,2014,tonnes of active ingredients,3380.7,A,"Aggregate, may include official, semi-official, estimated or calculated data"
RP,Pesticides Use,11,Austria,5161,Use,1309,Insecticides,2014,2014,tonnes of active ingredients,266.9,Q,Official data reported on FAO Questionnaires from countries
RP,Pesticides Use,11,Austria,5161,Use,1354,Mineral Oils,2014,2014,tonnes of active ingredients,17.7,Q,Official data reported on FAO Questionnaires from countries
RP,Pesticides Use,11,Austria,5161,Use,1320,Herbicides,2014,2014,tonnes of active ingredients,1375.8,Q,Official data reported on FAO Questionnaires from countries
RP,Pesticides Use,11,Austria,5161,Use,1331,Fungicides&Bactericides,2014,2014,tonnes of active ingredients,1645.2,Q,Official data reported on FAO Questionnaires from countries
RP,Pesticides Use,11,Austria,5161,Use,1356,Plant Growth Regulators,2014,2014,tonnes of active ingredients,53.5,Q,Official data reported on FAO Questionnaires from countries
RP,Pesticides Use,11,Austria,5161,Use,1359,Other Pesticides nes,2014,2014,tonnes of active ingredients,21.2,Q,Official data reported on FAO Questionnaires from countries
RP,Pesticides Use,52,Azerbaijan,5161,Use,1357,Pesticides,2014,2014,tonnes of active ingredients,531.84,A,"Aggregate, may include official, semi-official, estimated or calculated data"
RP,Pesticides Use,52,Azerbaijan,5161,Use,1309,Insecticides,2014,2014,tonnes of active ingredients,168.8,Q,Official data reported on FAO Questionnaires from countries
RP,Pesticides Use,52,Azerbaijan,5161,Use,1354,Mineral Oils,2014,2014,tonnes of active ingredients,10.13,Q,Official data reported on FAO Questionnaires from countries
RP,Pesticides Use,52,Azerbaijan,5161,Use,1320,Herbicides,2014,2014,tonnes of active ingredients,56.81,Q,Official data reported on FAO Questionnaires from countries
RP,Pesticides Use,52,Azerbaijan,5161,Use,1331,Fungicides&Bactericides,2014,2014,tonnes of active ingredients,273.6,Q,Official data reported on FAO Questionnaires from countries
RP,Pesticides Use,52,Azerbaijan,5161,Use,1352,Seed Treatm Fungicides,2014,2014,tonnes of active ingredients,3.12,Q,Official data reported on FAO Questionnaires from countries
RP,Pesticides Use,52,Azerbaijan,5161,Use,1356,Plant Growth Regulators,2014,2014,tonnes of active ingredients,18.91,Q,Official data reported on FAO Questionnaires from countries
RP,Pesticides Use,16,Bangladesh,5161,Use,1357,Pesticides,2014,2014,tonnes of active ingredients,15833.62,A,"Aggregate, may include official, semi-official, estimated or calculated data"
RP,Pesticides Use,16,Bangladesh,5161,Use,1309,Insecticides,2014,2014,tonnes of active ingredients,1572.66,Q,Official data reported on FAO Questionnaires from countries
RP,Pesticides Use,16,Bangladesh,5161,Use,1320,Herbicides,2014,2014,tonnes of active ingredients,734.19,Q,Official data reported on FAO Questionnaires from countries
RP,Pesticides Use,16,Bangladesh,5161,Use,1331,Fungicides&Bactericides,2014,2014,tonnes of active ingredients,13517.93,Q,Official data reported on FAO Questionnaires from countries
RP,Pesticides Use,255,Belgium,5161,Use,1357,Pesticides,2014,2014,tonnes of active ingredients,6490.46,A,"Aggregate, may include official, semi-official, estimated or calculated data"
RP,Pesticides Use,255,Belgium,5161,Use,1309,Insecticides,2014,2014,tonnes of active ingredients,556.04,Q,Official data reported on FAO Questionnaires from countries
RP,Pesticides Use,255,Belgium,5161,Use,1354,Mineral Oils,2014,2014,tonnes of active ingredients,0,Q,Official data reported on FAO Questionnaires from countries
RP,Pesticides Use,255,Belgium,5161,Use,1320,Herbicides,2014,2014,tonnes of active ingredients,2577.14,Q,Official data reported on FAO Questionnaires from countries
RP,Pesticides Use,255,Belgium,5161,Use,1331,Fungicides&Bactericides,2014,2014,tonnes of active ingredients,3096.03,Q,Official data reported on FAO Questionnaires from countries
RP,Pesticides Use,255,Belgium,5161,Use,1356,Plant Growth Regulators,2014,2014,tonnes of active ingredients,261.25,Q,Official data reported on FAO Questionnaires from countries
RP,Pesticides Use,23,Belize,5161,Use,1357,Pesticides,2014,2014,tonnes of active ingredients,880.1,A,"Aggregate, may include official, semi-official, estimated or calculated data"
RP,Pesticides Use,23,Belize,5161,Use,1309,Insecticides,2014,2014,tonnes of active ingredients,55.18,Q,Official data reported on FAO Questionnaires from countries
RP,Pesticides Use,23,Belize,5161,Use,1354,Mineral Oils,2014,2014,tonnes of active ingredients,238.45,Q,Official data reported on FAO Questionnaires from countries
RP,Pesticides Use,23,Belize,5161,Use,1320,Herbicides,2014,2014,tonnes of active ingredients,351.8,Q,Official data reported on FAO Questionnaires from countries
RP,Pesticides Use,23,Belize,5161,Use,1331,Fungicides&Bactericides,2014,2014,tonnes of active ingredients,214.71,Q,Official data reported on FAO Questionnaires from countries
RP,Pesticides Use,23,Belize,5161,Use,1352,Seed Treatm Fungicides,2014,2014,tonnes of active ingredients,1.5,Q,Official data reported on FAO Questionnaires from countries
RP,Pesticides Use,23,Belize,5161,Use,1356,Plant Growth Regulators,2014,2014,tonnes of active ingredients,18.46,Q,Official data reported on FAO Questionnaires from countries
RP,Pesticides Use,18,Bhutan,5161,Use,1357,Pesticides,2014,2014,tonnes of active ingredients,12.33,A,"Aggregate, may include official, semi-official, estimated or calculated data"
RP,Pesticides Use,18,Bhutan,5161,Use,1309,Insecticides,2014,2014,tonnes of active ingredients,6.99,Q,Official data reported on FAO Questionnaires from countries
RP,Pesticides Use,18,Bhutan,5161,Use,1320,Herbicides,2014,2014,tonnes of active ingredients,3.65,Q,Official data reported on FAO Questionnaires from countries
RP,Pesticides Use,18,Bhutan,5161,Use,1331,Fungicides&Bactericides,2014,2014,tonnes of active ingredients,1.62,Q,Official data reported on FAO Questionnaires from countries
RP,Pesticides Use,19,Bolivia (Plurinational State of),5161,Use,1357,Pesticides,2014,2014,tonnes of active ingredients,40388.45,A,"Aggregate, may include official, semi-official, estimated or calculated data"
RP,Pesticides Use,19,Bolivia (Plurinational State of),5161,Use,1309,Insecticides,2014,2014,tonnes of active ingredients,8914,Q,Official data reported on FAO Questionnaires from countries
RP,Pesticides Use,19,Bolivia (Plurinational State of),5161,Use,1320,Herbicides,2014,2014,tonnes of active ingredients,25070.35,Q,Official data reported on FAO Questionnaires from countries
RP,Pesticides Use,19,Bolivia (Plurinational State of),5161,Use,1331,Fungicides&Bactericides,2014,2014,tonnes of active ingredients,6213.2,Q,Official data reported on FAO Questionnaires from countries
RP,Pesticides Use,26,Brunei Darussalam,5161,Use,1357,Pesticides,2014,2014,tonnes of active ingredients,20.54,A,"Aggregate, may include official, semi-official, estimated or calculated data"
RP,Pesticides Use,26,Brunei Darussalam,5161,Use,1309,Insecticides,2014,2014,tonnes of active ingredients,1.2,Q,Official data reported on FAO Questionnaires from countries
RP,Pesticides Use,26,Brunei Darussalam,5161,Use,1320,Herbicides,2014,2014,tonnes of active ingredients,17.3,Q,Official data reported on FAO Questionnaires from countries
RP,Pesticides Use,26,Brunei Darussalam,5161,Use,1331,Fungicides&Bactericides,2014,2014,tonnes of active ingredients,1.65,Q,Official data reported on FAO Questionnaires from countries
RP,Pesticides Use,27,Bulgaria,5161,Use,1357,Pesticides,2014,2014,tonnes of active ingredients,1001,A,"Aggregate, may include official, semi-official, estimated or calculated data"
RP,Pesticides Use,27,Bulgaria,5161,Use,1309,Insecticides,2014,2014,tonnes of active ingredients,163,W,Data reported on country official publications or web sites (Official) or trade country files
RP,Pesticides Use,27,Bulgaria,5161,Use,1320,Herbicides,2014,2014,tonnes of active ingredients,652,W,Data reported on country official publications or web sites (Official) or trade country files
RP,Pesticides Use,27,Bulgaria,5161,Use,1331,Fungicides&Bactericides,2014,2014,tonnes of active ingredients,186,W,Data reported on country official publications or web sites (Official) or trade country files
RP,Pesticides Use,40,Chile,5161,Use,1357,Pesticides,2014,2014,tonnes of active ingredients,27237,A,"Aggregate, may include official, semi-official, estimated or calculated data"
RP,Pesticides Use,40,Chile,5161,Use,1309,Insecticides,2014,2014,tonnes of active ingredients,7914,Q,Official data reported on FAO Questionnaires from countries
RP,Pesticides Use,40,Chile,5161,Use,1320,Herbicides,2014,2014,tonnes of active ingredients,8868,Q,Official data reported on FAO Questionnaires from countries
RP,Pesticides Use,40,Chile,5161,Use,1331,Fungicides&Bactericides,2014,2014,tonnes of active ingredients,5160,Q,Official data reported on FAO Questionnaires from countries
RP,Pesticides Use,40,Chile,5161,Use,1356,Plant Growth Regulators,2014,2014,tonnes of active ingredients,5295,Q,Official data reported on FAO Questionnaires from countries
RP,Pesticides Use,96,"China, Hong Kong SAR",5161,Use,1357,Pesticides,2014,2014,tonnes of active ingredients,58,A,"Aggregate, may include official, semi-official, estimated or calculated data"
RP,Pesticides Use,96,"China, Hong Kong SAR",5161,Use,1309,Insecticides,2014,2014,tonnes of active ingredients,25,Q,Official data reported on FAO Questionnaires from countries
RP,Pesticides Use,96,"China, Hong Kong SAR",5161,Use,1354,Mineral Oils,2014,2014,tonnes of active ingredients,1,Q,Official data reported on FAO Questionnaires from countries
RP,Pesticides Use,96,"China, Hong Kong SAR",5161,Use,1320,Herbicides,2014,2014,tonnes of active ingredients,16,Q,Official data reported on FAO Questionnaires from countries
RP,Pesticides Use,96,"China, Hong Kong SAR",5161,Use,1331,Fungicides&Bactericides,2014,2014,tonnes of active ingredients,16,Q,Official data reported on FAO Questionnaires from countries
RP,Pesticides Use,128,"China, Macao SAR",5161,Use,1357,Pesticides,2014,2014,tonnes of active ingredients,18,A,"Aggregate, may include official, semi-official, estimated or calculated data"
RP,Pesticides Use,128,"China, Macao SAR",5161,Use,1320,Herbicides,2014,2014,tonnes of active ingredients,0,Q,Official data reported on FAO Questionnaires from countries
RP,Pesticides Use,128,"China, Macao SAR",5161,Use,1331,Fungicides&Bactericides,2014,2014,tonnes of active ingredients,11,Q,Official data reported on FAO Questionnaires from countries
RP,Pesticides Use,41,"China, mainland",5161,Use,1357,Pesticides,2014,2014,tonnes of active ingredients,1807000,A,"Aggregate, may include official, semi-official, estimated or calculated data"
RP,Pesticides Use,41,"China, mainland",5161,Use,1359,Other Pesticides nes,2014,2014,tonnes of active ingredients,1807000,Q,Official data reported on FAO Questionnaires from countries
RP,Pesticides Use,214,"China, Taiwan Province of",5161,Use,1357,Pesticides,2014,2014,tonnes of active ingredients,8619,A,"Aggregate, may include official, semi-official, estimated or calculated data"
RP,Pesticides Use,214,"China, Taiwan Province of",5161,Use,1309,Insecticides,2014,2014,tonnes of active ingredients,2644,W,Data reported on country official publications or web sites (Official) or trade country files
RP,Pesticides Use,214,"China, Taiwan Province of",5161,Use,1320,Herbicides,2014,2014,tonnes of active ingredients,2928,W,Data reported on country official publications or web sites (Official) or trade country files
RP,Pesticides Use,214,"China, Taiwan Province of",5161,Use,1331,Fungicides&Bactericides,2014,2014,tonnes of active ingredients,2721,W,Data reported on country official publications or web sites (Official) or trade country files
RP,Pesticides Use,214,"China, Taiwan Province of",5161,Use,1359,Other Pesticides nes,2014,2014,tonnes of active ingredients,326,W,Data reported on country official publications or web sites (Official) or trade country files
RP,Pesticides Use,44,Colombia,5161,Use,1357,Pesticides,2014,2014,tonnes of active ingredients,73765.66,A,"Aggregate, may include official, semi-official, estimated or calculated data"
RP,Pesticides Use,44,Colombia,5161,Use,1309,Insecticides,2014,2014,tonnes of active ingredients,7688.5,Q,Official data reported on FAO Questionnaires from countries
RP,Pesticides Use,44,Colombia,5161,Use,1320,Herbicides,2014,2014,tonnes of active ingredients,24917.2,Q,Official data reported on FAO Questionnaires from countries
RP,Pesticides Use,44,Colombia,5161,Use,1331,Fungicides&Bactericides,2014,2014,tonnes of active ingredients,40900.9,Q,Official data reported on FAO Questionnaires from countries
RP,Pesticides Use,44,Colombia,5161,Use,1352,Seed Treatm Fungicides,2014,2014,tonnes of active ingredients,16.14,Q,Official data reported on FAO Questionnaires from countries
RP,Pesticides Use,44,Colombia,5161,Use,1356,Plant Growth Regulators,2014,2014,tonnes of active ingredients,124.4,Q,Official data reported on FAO Questionnaires from countries
RP,Pesticides Use,44,Colombia,5161,Use,1359,Other Pesticides nes,2014,2014,tonnes of active ingredients,21.32,Q,Official data reported on FAO Questionnaires from countries
RP,Pesticides Use,98,Croatia,5161,Use,1357,Pesticides,2014,2014,tonnes of active ingredients,2210.65,A,"Aggregate, may include official, semi-official, estimated or calculated data"
RP,Pesticides Use,98,Croatia,5161,Use,1309,Insecticides,2014,2014,tonnes of active ingredients,153.19,Q,Official data reported on FAO Questionnaires from countries
RP,Pesticides Use,98,Croatia,5161,Use,1354,Mineral Oils,2014,2014,tonnes of active ingredients,86.11,Q,Official data reported on FAO Questionnaires from countries
RP,Pesticides Use,98,Croatia,5161,Use,1320,Herbicides,2014,2014,tonnes of active ingredients,889.08,Q,Official data reported on FAO Questionnaires from countries
RP,Pesticides Use,98,Croatia,5161,Use,1331,Fungicides&Bactericides,2014,2014,tonnes of active ingredients,980.86,Q,Official data reported on FAO Questionnaires from countries
RP,Pesticides Use,98,Croatia,5161,Use,1352,Seed Treatm Fungicides,2014,2014,tonnes of active ingredients,24.64,Q,Official data reported on FAO Questionnaires from countries
RP,Pesticides Use,98,Croatia,5161,Use,1353,Seed Treatm Insecticides,2014,2014,tonnes of active ingredients,4.61,Q,Official data reported on FAO Questionnaires from countries
RP,Pesticides Use,98,Croatia,5161,Use,1356,Plant Growth Regulators,2014,2014,tonnes of active ingredients,72.16,Q,Official data reported on FAO Questionnaires from countries
RP,Pesticides Use,50,Cyprus,5161,Use,1357,Pesticides,2014,2014,tonnes of active ingredients,1046,A,"Aggregate, may include official, semi-official, estimated or calculated data"
RP,Pesticides Use,50,Cyprus,5161,Use,1309,Insecticides,2014,2014,tonnes of active ingredients,182,W,Data reported on country official publications or web sites (Official) or trade country files
RP,Pesticides Use,50,Cyprus,5161,Use,1320,Herbicides,2014,2014,tonnes of active ingredients,153,W,Data reported on country official publications or web sites (Official) or trade country files
RP,Pesticides Use,50,Cyprus,5161,Use,1331,Fungicides&Bactericides,2014,2014,tonnes of active ingredients,698,W,Data reported on country official publications or web sites (Official) or trade country files
RP,Pesticides Use,50,Cyprus,5161,Use,1356,Plant Growth Regulators,2014,2014,tonnes of active ingredients,1,W,Data reported on country official publications or web sites (Official) or trade country files
RP,Pesticides Use,50,Cyprus,5161,Use,1359,Other Pesticides nes,2014,2014,tonnes of active ingredients,12,W,Data reported on country official publications or web sites (Official) or trade country files
RP,Pesticides Use,167,Czechia,5161,Use,1357,Pesticides,2014,2014,tonnes of active ingredients,4683.39,A,"Aggregate, may include official, semi-official, estimated or calculated data"
RP,Pesticides Use,167,Czechia,5161,Use,1309,Insecticides,2014,2014,tonnes of active ingredients,283.6,W,Data reported on country official publications or web sites (Official) or trade country files
RP,Pesticides Use,167,Czechia,5161,Use,1320,Herbicides,2014,2014,tonnes of active ingredients,2320.79,W,Data reported on country official publications or web sites (Official) or trade country files
RP,Pesticides Use,167,Czechia,5161,Use,1331,Fungicides&Bactericides,2014,2014,tonnes of active ingredients,1403,W,Data reported on country official publications or web sites (Official) or trade country files
RP,Pesticides Use,167,Czechia,5161,Use,1356,Plant Growth Regulators,2014,2014,tonnes of active ingredients,663,W,Data reported on country official publications or web sites (Official) or trade country files
RP,Pesticides Use,167,Czechia,5161,Use,1359,Other Pesticides nes,2014,2014,tonnes of active ingredients,4,W,Data reported on country official publications or web sites (Official) or trade country files
RP,Pesticides Use,54,Denmark,5161,Use,1357,Pesticides,2014,2014,tonnes of active ingredients,1724,A,"Aggregate, may include official, semi-official, estimated or calculated data"
RP,Pesticides Use,54,Denmark,5161,Use,1309,Insecticides,2014,2014,tonnes of active ingredients,19,W,Data reported on country official publications or web sites (Official) or trade country files
RP,Pesticides Use,54,Denmark,5161,Use,1320,Herbicides,2014,2014,tonnes of active ingredients,1205,W,Data reported on country official publications or web sites (Official) or trade country files
RP,Pesticides Use,54,Denmark,5161,Use,1331,Fungicides&Bactericides,2014,2014,tonnes of active ingredients,387,W,Data reported on country official publications or web sites (Official) or trade country files
RP,Pesticides Use,54,Denmark,5161,Use,1356,Plant Growth Regulators,2014,2014,tonnes of active ingredients,113,W,Data reported on country official publications or web sites (Official) or trade country files
RP,Pesticides Use,58,Ecuador,5161,Use,1357,Pesticides,2014,2014,tonnes of active ingredients,11040.47,A,"Aggregate, may include official, semi-official, estimated or calculated data"
RP,Pesticides Use,58,Ecuador,5161,Use,1309,Insecticides,2014,2014,tonnes of active ingredients,1398.21,Q,Official data reported on FAO Questionnaires from countries
RP,Pesticides Use,58,Ecuador,5161,Use,1320,Herbicides,2014,2014,tonnes of active ingredients,4778.26,Q,Official data reported on FAO Questionnaires from countries
RP,Pesticides Use,58,Ecuador,5161,Use,1331,Fungicides&Bactericides,2014,2014,tonnes of active ingredients,4840.37,Q,Official data reported on FAO Questionnaires from countries
RP,Pesticides Use,58,Ecuador,5161,Use,1352,Seed Treatm Fungicides,2014,2014,tonnes of active ingredients,4.41,Q,Official data reported on FAO Questionnaires from countries
RP,Pesticides Use,58,Ecuador,5161,Use,1353,Seed Treatm Insecticides,2014,2014,tonnes of active ingredients,6.25,Q,Official data reported on FAO Questionnaires from countries
RP,Pesticides Use,58,Ecuador,5161,Use,1356,Plant Growth Regulators,2014,2014,tonnes of active ingredients,12.72,Q,Official data reported on FAO Questionnaires from countries
RP,Pesticides Use,59,Egypt,5161,Use,1357,Pesticides,2014,2014,tonnes of active ingredients,11363,A,"Aggregate, may include official, semi-official, estimated or calculated data"
RP,Pesticides Use,59,Egypt,5161,Use,1309,Insecticides,2014,2014,tonnes of active ingredients,3113,Q,Official data reported on FAO Questionnaires from countries
RP,Pesticides Use,59,Egypt,5161,Use,1320,Herbicides,2014,2014,tonnes of active ingredients,2274,Q,Official data reported on FAO Questionnaires from countries
RP,Pesticides Use,59,Egypt,5161,Use,1331,Fungicides&Bactericides,2014,2014,tonnes of active ingredients,5976,Q,Official data reported on FAO Questionnaires from countries
RP,Pesticides Use,60,El Salvador,5161,Use,1357,Pesticides,2014,2014,tonnes of active ingredients,5638.23,A,"Aggregate, may include official, semi-official, estimated or calculated data"
RP,Pesticides Use,60,El Salvador,5161,Use,1309,Insecticides,2014,2014,tonnes of active ingredients,1679.46,Q,Official data reported on FAO Questionnaires from countries
RP,Pesticides Use,60,El Salvador,5161,Use,1320,Herbicides,2014,2014,tonnes of active ingredients,3707.25,Q,Official data reported on FAO Questionnaires from countries
RP,Pesticides Use,60,El Salvador,5161,Use,1331,Fungicides&Bactericides,2014,2014,tonnes of active ingredients,132.9,Q,Official data reported on FAO Questionnaires from countries
RP,Pesticides Use,60,El Salvador,5161,Use,1356,Plant Growth Regulators,2014,2014,tonnes of active ingredients,118.62,Q,Official data reported on FAO Questionnaires from countries
RP,Pesticides Use,63,Estonia,5161,Use,1357,Pesticides,2014,2014,tonnes of active ingredients,597,A,"Aggregate, may include official, semi-official, estimated or calculated data"
RP,Pesticides Use,63,Estonia,5161,Use,1309,Insecticides,2014,2014,tonnes of active ingredients,28,Q,Official data reported on FAO Questionnaires from countries
RP,Pesticides Use,63,Estonia,5161,Use,1320,Herbicides,2014,2014,tonnes of active ingredients,426,Q,Official data reported on FAO Questionnaires from countries
RP,Pesticides Use,63,Estonia,5161,Use,1331,Fungicides&Bactericides,2014,2014,tonnes of active ingredients,86,Q,Official data reported on FAO Questionnaires from countries
RP,Pesticides Use,63,Estonia,5161,Use,1356,Plant Growth Regulators,2014,2014,tonnes of active ingredients,57,Q,Official data reported on FAO Questionnaires from countries
RP,Pesticides Use,67,Finland,5161,Use,1357,Pesticides,2014,2014,tonnes of active ingredients,1606,A,"Aggregate, may include official, semi-official, estimated or calculated data"
RP,Pesticides Use,67,Finland,5161,Use,1309,Insecticides,2014,2014,tonnes of active ingredients,13,W,Data reported on country official publications or web sites (Official) or trade country files
RP,Pesticides Use,67,Finland,5161,Use,1320,Herbicides,2014,2014,tonnes of active ingredients,1305,W,Data reported on country official publications or web sites (Official) or trade country files
RP,Pesticides Use,67,Finland,5161,Use,1331,Fungicides&Bactericides,2014,2014,tonnes of active ingredients,199,W,Data reported on country official publications or web sites (Official) or trade country files
RP,Pesticides Use,67,Finland,5161,Use,1356,Plant Growth Regulators,2014,2014,tonnes of active ingredients,89,W,Data reported on country official publications or web sites (Official) or trade country files
RP,Pesticides Use,68,France,5161,Use,1357,Pesticides,2014,2014,tonnes of active ingredients,75339.2,A,"Aggregate, may include official, semi-official, estimated or calculated data"
RP,Pesticides Use,68,France,5161,Use,1309,Insecticides,2014,2014,tonnes of active ingredients,3483.9,W,Data reported on country official publications or web sites (Official) or trade country files
RP,Pesticides Use,68,France,5161,Use,1354,Mineral Oils,2014,2014,tonnes of active ingredients,429.6,W,Data reported on country official publications or web sites (Official) or trade country files
RP,Pesticides Use,68,France,5161,Use,1320,Herbicides,2014,2014,tonnes of active ingredients,30965.4,W,Data reported on country official publications or web sites (Official) or trade country files
RP,Pesticides Use,68,France,5161,Use,1331,Fungicides&Bactericides,2014,2014,tonnes of active ingredients,34479.5,W,Data reported on country official publications or web sites (Official) or trade country files
RP,Pesticides Use,68,France,5161,Use,1356,Plant Growth Regulators,2014,2014,tonnes of active ingredients,2802.9,W,Data reported on country official publications or web sites (Official) or trade country files
RP,Pesticides Use,68,France,5161,Use,1359,Other Pesticides nes,2014,2014,tonnes of active ingredients,3177.88,W,Data reported on country official publications or web sites (Official) or trade country files
RP,Pesticides Use,70,French Polynesia,5161,Use,1357,Pesticides,2014,2014,tonnes of active ingredients,37.03,A,"Aggregate, may include official, semi-official, estimated or calculated data"
RP,Pesticides Use,70,French Polynesia,5161,Use,1309,Insecticides,2014,2014,tonnes of active ingredients,9.65,Q,Official data reported on FAO Questionnaires from countries
RP,Pesticides Use,70,French Polynesia,5161,Use,1354,Mineral Oils,2014,2014,tonnes of active ingredients,6.33,Q,Official data reported on FAO Questionnaires from countries
RP,Pesticides Use,70,French Polynesia,5161,Use,1320,Herbicides,2014,2014,tonnes of active ingredients,17.66,Q,Official data reported on FAO Questionnaires from countries
RP,Pesticides Use,70,French Polynesia,5161,Use,1331,Fungicides&Bactericides,2014,2014,tonnes of active ingredients,2.86,Q,Official data reported on FAO Questionnaires from countries
RP,Pesticides Use,70,French Polynesia,5161,Use,1356,Plant Growth Regulators,2014,2014,tonnes of active ingredients,0.29,Q,Official data reported on FAO Questionnaires from countries
RP,Pesticides Use,79,Germany,5161,Use,1357,Pesticides,2014,2014,tonnes of active ingredients,45836.29,A,"Aggregate, may include official, semi-official, estimated or calculated data"
RP,Pesticides Use,79,Germany,5161,Use,1309,Insecticides,2014,2014,tonnes of active ingredients,804.67,Q,Official data reported on FAO Questionnaires from countries
RP,Pesticides Use,79,Germany,5161,Use,1354,Mineral Oils,2014,2014,tonnes of active ingredients,138.31,Q,Official data reported on FAO Questionnaires from countries
RP,Pesticides Use,79,Germany,5161,Use,1320,Herbicides,2014,2014,tonnes of active ingredients,17837.14,Q,Official data reported on FAO Questionnaires from countries
RP,Pesticides Use,79,Germany,5161,Use,1331,Fungicides&Bactericides,2014,2014,tonnes of active ingredients,12590.55,Q,Official data reported on FAO Questionnaires from countries
RP,Pesticides Use,79,Germany,5161,Use,1352,Seed Treatm Fungicides,2014,2014,tonnes of active ingredients,331.86,Q,Official data reported on FAO Questionnaires from countries
RP,Pesticides Use,79,Germany,5161,Use,1353,Seed Treatm Insecticides,2014,2014,tonnes of active ingredients,229.01,Q,Official data reported on FAO Questionnaires from countries
RP,Pesticides Use,79,Germany,5161,Use,1356,Plant Growth Regulators,2014,2014,tonnes of active ingredients,2220.81,Q,Official data reported on FAO Questionnaires from countries
RP,Pesticides Use,79,Germany,5161,Use,1359,Other Pesticides nes,2014,2014,tonnes of active ingredients,11588.4,Q,Official data reported on FAO Questionnaires from countries
RP,Pesticides Use,84,Greece,5161,Use,1357,Pesticides,2014,2014,tonnes of active ingredients,9477.24,A,"Aggregate, may include official, semi-official, estimated or calculated data"
RP,Pesticides Use,84,Greece,5161,Use,1309,Insecticides,2014,2014,tonnes of active ingredients,3974.36,Q,Official data reported on FAO Questionnaires from countries
RP,Pesticides Use,84,Greece,5161,Use,1320,Herbicides,2014,2014,tonnes of active ingredients,1985.94,Q,Official data reported on FAO Questionnaires from countries
RP,Pesticides Use,84,Greece,5161,Use,1331,Fungicides&Bactericides,2014,2014,tonnes of active ingredients,2035.4,Q,Official data reported on FAO Questionnaires from countries
RP,Pesticides Use,84,Greece,5161,Use,1356,Plant Growth Regulators,2014,2014,tonnes of active ingredients,1186.9,Q,Official data reported on FAO Questionnaires from countries
RP,Pesticides Use,90,Guinea,5161,Use,1357,Pesticides,2014,2014,tonnes of active ingredients,400.65,A,"Aggregate, may include official, semi-official, estimated or calculated data"
RP,Pesticides Use,90,Guinea,5161,Use,1309,Insecticides,2014,2014,tonnes of active ingredients,128.68,Q,Official data reported on FAO Questionnaires from countries
RP,Pesticides Use,90,Guinea,5161,Use,1320,Herbicides,2014,2014,tonnes of active ingredients,265.4,Fm,Manual Estimation
RP,Pesticides Use,90,Guinea,5161,Use,1352,Seed Treatm Fungicides,2014,2014,tonnes of active ingredients,3.03,Q,Official data reported on FAO Questionnaires from countries
RP,Pesticides Use,90,Guinea,5161,Use,1353,Seed Treatm Insecticides,2014,2014,tonnes of active ingredients,3.54,Q,Official data reported on FAO Questionnaires from countries
RP,Pesticides Use,97,Hungary,5161,Use,1357,Pesticides,2014,2014,tonnes of active ingredients,8970.9,A,"Aggregate, may include official, semi-official, estimated or calculated data"
RP,Pesticides Use,97,Hungary,5161,Use,1309,Insecticides,2014,2014,tonnes of active ingredients,922.2,Q,Official data reported on FAO Questionnaires from countries
RP,Pesticides Use,97,Hungary,5161,Use,1320,Herbicides,2014,2014,tonnes of active ingredients,4011.1,Q,Official data reported on FAO Questionnaires from countries
RP,Pesticides Use,97,Hungary,5161,Use,1331,Fungicides&Bactericides,2014,2014,tonnes of active ingredients,3639.9,Q,Official data reported on FAO Questionnaires from countries
RP,Pesticides Use,97,Hungary,5161,Use,1356,Plant Growth Regulators,2014,2014,tonnes of active ingredients,203.3,Q,Official data reported on FAO Questionnaires from countries
RP,Pesticides Use,97,Hungary,5161,Use,1359,Other Pesticides nes,2014,2014,tonnes of active ingredients,190.1,Q,Official data reported on FAO Questionnaires from countries
RP,Pesticides Use,99,Iceland,5161,Use,1357,Pesticides,2014,2014,tonnes of active ingredients,3.88,A,"Aggregate, may include official, semi-official, estimated or calculated data"
RP,Pesticides Use,99,Iceland,5161,Use,1309,Insecticides,2014,2014,tonnes of active ingredients,0.27,Q,Official data reported on FAO Questionnaires from countries
RP,Pesticides Use,99,Iceland,5161,Use,1320,Herbicides,2014,2014,tonnes of active ingredients,3.23,Q,Official data reported on FAO Questionnaires from countries
RP,Pesticides Use,99,Iceland,5161,Use,1331,Fungicides&Bactericides,2014,2014,tonnes of active ingredients,0.36,Q,Official data reported on FAO Questionnaires from countries
RP,Pesticides Use,99,Iceland,5161,Use,1356,Plant Growth Regulators,2014,2014,tonnes of active ingredients,0.02,Q,Official data reported on FAO Questionnaires from countries
RP,Pesticides Use,104,Ireland,5161,Use,1357,Pesticides,2014,2014,tonnes of active ingredients,3006.22,A,"Aggregate, may include official, semi-official, estimated or calculated data"
RP,Pesticides Use,104,Ireland,5161,Use,1309,Insecticides,2014,2014,tonnes of active ingredients,51.02,Q,Official data reported on FAO Questionnaires from countries
RP,Pesticides Use,104,Ireland,5161,Use,1320,Herbicides,2014,2014,tonnes of active ingredients,2038,Q,Official data reported on FAO Questionnaires from countries
RP,Pesticides Use,104,Ireland,5161,Use,1331,Fungicides&Bactericides,2014,2014,tonnes of active ingredients,630,Q,Official data reported on FAO Questionnaires from countries
RP,Pesticides Use,104,Ireland,5161,Use,1352,Seed Treatm Fungicides,2014,2014,tonnes of active ingredients,37.2,Q,Official data reported on FAO Questionnaires from countries
RP,Pesticides Use,104,Ireland,5161,Use,1353,Seed Treatm Insecticides,2014,2014,tonnes of active ingredients,2,Q,Official data reported on FAO Questionnaires from countries
RP,Pesticides Use,104,Ireland,5161,Use,1356,Plant Growth Regulators,2014,2014,tonnes of active ingredients,248,Q,Official data reported on FAO Questionnaires from countries
RP,Pesticides Use,106,Italy,5161,Use,1357,Pesticides,2014,2014,tonnes of active ingredients,58825,A,"Aggregate, may include official, semi-official, estimated or calculated data"
RP,Pesticides Use,106,Italy,5161,Use,1309,Insecticides,2014,2014,tonnes of active ingredients,9099,Q,Official data reported on FAO Questionnaires from countries
RP,Pesticides Use,106,Italy,5161,Use,1354,Mineral Oils,2014,2014,tonnes of active ingredients,3611,Q,Official data reported on FAO Questionnaires from countries
RP,Pesticides Use,106,Italy,5161,Use,1320,Herbicides,2014,2014,tonnes of active ingredients,7585,Q,Official data reported on FAO Questionnaires from countries
RP,Pesticides Use,106,Italy,5161,Use,1331,Fungicides&Bactericides,2014,2014,tonnes of active ingredients,36967,Q,Official data reported on FAO Questionnaires from countries
RP,Pesticides Use,106,Italy,5161,Use,1352,Seed Treatm Fungicides,2014,2014,tonnes of active ingredients,313,Q,Official data reported on FAO Questionnaires from countries
RP,Pesticides Use,106,Italy,5161,Use,1353,Seed Treatm Insecticides,2014,2014,tonnes of active ingredients,885,Q,Official data reported on FAO Questionnaires from countries
RP,Pesticides Use,106,Italy,5161,Use,1356,Plant Growth Regulators,2014,2014,tonnes of active ingredients,338,Q,Official data reported on FAO Questionnaires from countries
RP,Pesticides Use,110,Japan,5161,Use,1357,Pesticides,2014,2014,tonnes of active ingredients,53543.7,A,"Aggregate, may include official, semi-official, estimated or calculated data"
RP,Pesticides Use,110,Japan,5161,Use,1309,Insecticides,2014,2014,tonnes of active ingredients,18030.2,Q,Official data reported on FAO Questionnaires from countries
RP,Pesticides Use,110,Japan,5161,Use,1320,Herbicides,2014,2014,tonnes of active ingredients,12349.5,Q,Official data reported on FAO Questionnaires from countries
RP,Pesticides Use,110,Japan,5161,Use,1331,Fungicides&Bactericides,2014,2014,tonnes of active ingredients,22699.8,Q,Official data reported on FAO Questionnaires from countries
RP,Pesticides Use,110,Japan,5161,Use,1356,Plant Growth Regulators,2014,2014,tonnes of active ingredients,461.6,Q,Official data reported on FAO Questionnaires from countries
RP,Pesticides Use,108,Kazakhstan,5161,Use,1357,Pesticides,2014,2014,tonnes of active ingredients,11158.77,A,"Aggregate, may include official, semi-official, estimated or calculated data"
RP,Pesticides Use,108,Kazakhstan,5161,Use,1309,Insecticides,2014,2014,tonnes of active ingredients,645.4,W,Data reported on country official publications or web sites (Official) or trade country files
RP,Pesticides Use,108,Kazakhstan,5161,Use,1320,Herbicides,2014,2014,tonnes of active ingredients,9421.4,W,Data reported on country official publications or web sites (Official) or trade country files
RP,Pesticides Use,108,Kazakhstan,5161,Use,1331,Fungicides&Bactericides,2014,2014,tonnes of active ingredients,812,W,Data reported on country official publications or web sites (Official) or trade country files
RP,Pesticides Use,108,Kazakhstan,5161,Use,1356,Plant Growth Regulators,2014,2014,tonnes of active ingredients,262.2,W,Data reported on country official publications or web sites (Official) or trade country files
RP,Pesticides Use,108,Kazakhstan,5161,Use,1359,Other Pesticides nes,2014,2014,tonnes of active ingredients,0,W,Data reported on country official publications or web sites (Official) or trade country files
RP,Pesticides Use,120,Lao People's Democratic Republic,5161,Use,1357,Pesticides,2014,2014,tonnes of active ingredients,3,A,"Aggregate, may include official, semi-official, estimated or calculated data"
RP,Pesticides Use,120,Lao People's Democratic Republic,5161,Use,1309,Insecticides,2014,2014,tonnes of active ingredients,0.2,Q,Official data reported on FAO Questionnaires from countries
RP,Pesticides Use,120,Lao People's Democratic Republic,5161,Use,1320,Herbicides,2014,2014,tonnes of active ingredients,1.97,Q,Official data reported on FAO Questionnaires from countries
RP,Pesticides Use,120,Lao People's Democratic Republic,5161,Use,1331,Fungicides&Bactericides,2014,2014,tonnes of active ingredients,0.83,Q,Official data reported on FAO Questionnaires from countries
RP,Pesticides Use,119,Latvia,5161,Use,1357,Pesticides,2014,2014,tonnes of active ingredients,1417.3,A,"Aggregate, may include official, semi-official, estimated or calculated data"
RP,Pesticides Use,119,Latvia,5161,Use,1309,Insecticides,2014,2014,tonnes of active ingredients,64,W,Data reported on country official publications or web sites (Official) or trade country files
RP,Pesticides Use,119,Latvia,5161,Use,1320,Herbicides,2014,2014,tonnes of active ingredients,847.5,W,Data reported on country official publications or web sites (Official) or trade country files
RP,Pesticides Use,119,Latvia,5161,Use,1331,Fungicides&Bactericides,2014,2014,tonnes of active ingredients,224.7,W,Data reported on country official publications or web sites (Official) or trade country files
RP,Pesticides Use,119,Latvia,5161,Use,1356,Plant Growth Regulators,2014,2014,tonnes of active ingredients,274.5,W,Data reported on country official publications or web sites (Official) or trade country files
RP,Pesticides Use,126,Lithuania,5161,Use,1357,Pesticides,2014,2014,tonnes of active ingredients,2545.5,A,"Aggregate, may include official, semi-official, estimated or calculated data"
RP,Pesticides Use,126,Lithuania,5161,Use,1309,Insecticides,2014,2014,tonnes of active ingredients,43.6,Q,Official data reported on FAO Questionnaires from countries
RP,Pesticides Use,126,Lithuania,5161,Use,1320,Herbicides,2014,2014,tonnes of active ingredients,1394.2,Q,Official data reported on FAO Questionnaires from countries
RP,Pesticides Use,126,Lithuania,5161,Use,1331,Fungicides&Bactericides,2014,2014,tonnes of active ingredients,604.8,Q,Official data reported on FAO Questionnaires from countries
RP,Pesticides Use,126,Lithuania,5161,Use,1356,Plant Growth Regulators,2014,2014,tonnes of active ingredients,502.9,Q,Official data reported on FAO Questionnaires from countries
RP,Pesticides Use,129,Madagascar,5161,Use,1357,Pesticides,2014,2014,tonnes of active ingredients,453.88,A,"Aggregate, may include official, semi-official, estimated or calculated data"
RP,Pesticides Use,129,Madagascar,5161,Use,1309,Insecticides,2014,2014,tonnes of active ingredients,237,Q,Official data reported on FAO Questionnaires from countries
RP,Pesticides Use,129,Madagascar,5161,Use,1320,Herbicides,2014,2014,tonnes of active ingredients,102.4,Q,Official data reported on FAO Questionnaires from countries
RP,Pesticides Use,129,Madagascar,5161,Use,1331,Fungicides&Bactericides,2014,2014,tonnes of active ingredients,107.84,Q,Official data reported on FAO Questionnaires from countries
RP,Pesticides Use,129,Madagascar,5161,Use,1352,Seed Treatm Fungicides,2014,2014,tonnes of active ingredients,1.54,Q,Official data reported on FAO Questionnaires from countries
RP,Pesticides Use,129,Madagascar,5161,Use,1353,Seed Treatm Insecticides,2014,2014,tonnes of active ingredients,3.74,Q,Official data reported on FAO Questionnaires from countries
RP,Pesticides Use,129,Madagascar,5161,Use,1356,Plant Growth Regulators,2014,2014,tonnes of active ingredients,1.36,Q,Official data reported on FAO Questionnaires from countries
RP,Pesticides Use,130,Malawi,5161,Use,1357,Pesticides,2014,2014,tonnes of active ingredients,2358.01,A,"Aggregate, may include official, semi-official, estimated or calculated data"
RP,Pesticides Use,130,Malawi,5161,Use,1309,Insecticides,2014,2014,tonnes of active ingredients,574.71,Q,Official data reported on FAO Questionnaires from countries
RP,Pesticides Use,130,Malawi,5161,Use,1320,Herbicides,2014,2014,tonnes of active ingredients,1179.59,Q,Official data reported on FAO Questionnaires from countries
RP,Pesticides Use,130,Malawi,5161,Use,1331,Fungicides&Bactericides,2014,2014,tonnes of active ingredients,419.64,Q,Official data reported on FAO Questionnaires from countries
RP,Pesticides Use,130,Malawi,5161,Use,1352,Seed Treatm Fungicides,2014,2014,tonnes of active ingredients,0.96,Q,Official data reported on FAO Questionnaires from countries
RP,Pesticides Use,130,Malawi,5161,Use,1356,Plant Growth Regulators,2014,2014,tonnes of active ingredients,96.72,Q,Official data reported on FAO Questionnaires from countries
RP,Pesticides Use,130,Malawi,5161,Use,1359,Other Pesticides nes,2014,2014,tonnes of active ingredients,86.39,Q,Official data reported on FAO Questionnaires from countries
RP,Pesticides Use,131,Malaysia,5161,Use,1357,Pesticides,2014,2014,tonnes of active ingredients,49199.43,A,"Aggregate, may include official, semi-official, estimated or calculated data"
RP,Pesticides Use,131,Malaysia,5161,Use,1309,Insecticides,2014,2014,tonnes of active ingredients,4053.45,Q,Official data reported on FAO Questionnaires from countries
RP,Pesticides Use,131,Malaysia,5161,Use,1320,Herbicides,2014,2014,tonnes of active ingredients,41060.98,Q,Official data reported on FAO Questionnaires from countries
RP,Pesticides Use,131,Malaysia,5161,Use,1331,Fungicides&Bactericides,2014,2014,tonnes of active ingredients,4041.06,Q,Official data reported on FAO Questionnaires from countries
RP,Pesticides Use,131,Malaysia,5161,Use,1352,Seed Treatm Fungicides,2014,2014,tonnes of active ingredients,32.21,Q,Official data reported on FAO Questionnaires from countries
RP,Pesticides Use,131,Malaysia,5161,Use,1353,Seed Treatm Insecticides,2014,2014,tonnes of active ingredients,1.25,Q,Official data reported on FAO Questionnaires from countries
RP,Pesticides Use,131,Malaysia,5161,Use,1359,Other Pesticides nes,2014,2014,tonnes of active ingredients,8.15,Q,Official data reported on FAO Questionnaires from countries
RP,Pesticides Use,132,Maldives,5161,Use,1357,Pesticides,2014,2014,tonnes of active ingredients,363.26,A,"Aggregate, may include official, semi-official, estimated or calculated data"
RP,Pesticides Use,132,Maldives,5161,Use,1309,Insecticides,2014,2014,tonnes of active ingredients,347,Q,Official data reported on FAO Questionnaires from countries
RP,Pesticides Use,132,Maldives,5161,Use,1320,Herbicides,2014,2014,tonnes of active ingredients,0.81,Q,Official data reported on FAO Questionnaires from countries
RP,Pesticides Use,132,Maldives,5161,Use,1352,Seed Treatm Fungicides,2014,2014,tonnes of active ingredients,3.57,Q,Official data reported on FAO Questionnaires from countries
RP,Pesticides Use,134,Malta,5161,Use,1357,Pesticides,2014,2014,tonnes of active ingredients,125,A,"Aggregate, may include official, semi-official, estimated or calculated data"
RP,Pesticides Use,134,Malta,5161,Use,1309,Insecticides,2014,2014,tonnes of active ingredients,0.31,Q,Official data reported on FAO Questionnaires from countries
RP,Pesticides Use,134,Malta,5161,Use,1354,Mineral Oils,2014,2014,tonnes of active ingredients,0.23,Q,Official data reported on FAO Questionnaires from countries
RP,Pesticides Use,134,Malta,5161,Use,1320,Herbicides,2014,2014,tonnes of active ingredients,1.47,Q,Official data reported on FAO Questionnaires from countries
RP,Pesticides Use,134,Malta,5161,Use,1331,Fungicides&Bactericides,2014,2014,tonnes of active ingredients,122.99,Q,Official data reported on FAO Questionnaires from countries
RP,Pesticides Use,137,Mauritius,5161,Use,1357,Pesticides,2014,2014,tonnes of active ingredients,2148,A,"Aggregate, may include official, semi-official, estimated or calculated data"
RP,Pesticides Use,137,Mauritius,5161,Use,1309,Insecticides,2014,2014,tonnes of active ingredients,810,W,Data reported on country official publications or web sites (Official) or trade country files
RP,Pesticides Use,137,Mauritius,5161,Use,1320,Herbicides,2014,2014,tonnes of active ingredients,1098,W,Data reported on country official publications or web sites (Official) or trade country files
RP,Pesticides Use,137,Mauritius,5161,Use,1331,Fungicides&Bactericides,2014,2014,tonnes of active ingredients,240,W,Data reported on country official publications or web sites (Official) or trade country files
RP,Pesticides Use,138,Mexico,5161,Use,1357,Pesticides,2014,2014,tonnes of active ingredients,98814,A,"Aggregate, may include official, semi-official, estimated or calculated data"
RP,Pesticides Use,138,Mexico,5161,Use,1309,Insecticides,2014,2014,tonnes of active ingredients,32406,Q,Official data reported on FAO Questionnaires from countries
RP,Pesticides Use,138,Mexico,5161,Use,1320,Herbicides,2014,2014,tonnes of active ingredients,26392,Q,Official data reported on FAO Questionnaires from countries
RP,Pesticides Use,138,Mexico,5161,Use,1331,Fungicides&Bactericides,2014,2014,tonnes of active ingredients,40016,Q,Official data reported on FAO Questionnaires from countries
RP,Pesticides Use,273,Montenegro,5161,Use,1357,Pesticides,2014,2014,tonnes of active ingredients,90,A,"Aggregate, may include official, semi-official, estimated or calculated data"
RP,Pesticides Use,273,Montenegro,5161,Use,1309,Insecticides,2014,2014,tonnes of active ingredients,9,W,Data reported on country official publications or web sites (Official) or trade country files
RP,Pesticides Use,273,Montenegro,5161,Use,1320,Herbicides,2014,2014,tonnes of active ingredients,9,W,Data reported on country official publications or web sites (Official) or trade country files
RP,Pesticides Use,273,Montenegro,5161,Use,1331,Fungicides&Bactericides,2014,2014,tonnes of active ingredients,72,W,Data reported on country official publications or web sites (Official) or trade country files
RP,Pesticides Use,28,Myanmar,5161,Use,1357,Pesticides,2014,2014,tonnes of active ingredients,5583.4,A,"Aggregate, may include official, semi-official, estimated or calculated data"
RP,Pesticides Use,28,Myanmar,5161,Use,1309,Insecticides,2014,2014,tonnes of active ingredients,2220.9,Q,Official data reported on FAO Questionnaires from countries
RP,Pesticides Use,28,Myanmar,5161,Use,1320,Herbicides,2014,2014,tonnes of active ingredients,1950.3,Q,Official data reported on FAO Questionnaires from countries
RP,Pesticides Use,28,Myanmar,5161,Use,1331,Fungicides&Bactericides,2014,2014,tonnes of active ingredients,1377,Q,Official data reported on FAO Questionnaires from countries
RP,Pesticides Use,28,Myanmar,5161,Use,1356,Plant Growth Regulators,2014,2014,tonnes of active ingredients,35.2,Q,Official data reported on FAO Questionnaires from countries
RP,Pesticides Use,150,Netherlands,5161,Use,1357,Pesticides,2014,2014,tonnes of active ingredients,10665.55,A,"Aggregate, may include official, semi-official, estimated or calculated data"
RP,Pesticides Use,150,Netherlands,5161,Use,1309,Insecticides,2014,2014,tonnes of active ingredients,297.14,Q,Official data reported on FAO Questionnaires from countries
RP,Pesticides Use,150,Netherlands,5161,Use,1320,Herbicides,2014,2014,tonnes of active ingredients,3266.4,Q,Official data reported on FAO Questionnaires from countries
RP,Pesticides Use,150,Netherlands,5161,Use,1331,Fungicides&Bactericides,2014,2014,tonnes of active ingredients,4869.13,Q,Official data reported on FAO Questionnaires from countries
RP,Pesticides Use,150,Netherlands,5161,Use,1356,Plant Growth Regulators,2014,2014,tonnes of active ingredients,452.04,Q,Official data reported on FAO Questionnaires from countries
RP,Pesticides Use,150,Netherlands,5161,Use,1359,Other Pesticides nes,2014,2014,tonnes of active ingredients,1780.84,Q,Official data reported on FAO Questionnaires from countries
RP,Pesticides Use,153,New Caledonia,5161,Use,1357,Pesticides,2014,2014,tonnes of active ingredients,8.85,A,"Aggregate, may include official, semi-official, estimated or calculated data"
RP,Pesticides Use,153,New Caledonia,5161,Use,1309,Insecticides,2014,2014,tonnes of active ingredients,0.51,Q,Official data reported on FAO Questionnaires from countries
RP,Pesticides Use,153,New Caledonia,5161,Use,1354,Mineral Oils,2014,2014,tonnes of active ingredients,1.03,Q,Official data reported on FAO Questionnaires from countries
RP,Pesticides Use,153,New Caledonia,5161,Use,1320,Herbicides,2014,2014,tonnes of active ingredients,4.08,Q,Official data reported on FAO Questionnaires from countries
RP,Pesticides Use,153,New Caledonia,5161,Use,1331,Fungicides&Bactericides,2014,2014,tonnes of active ingredients,3.23,Q,Official data reported on FAO Questionnaires from countries
RP,Pesticides Use,153,New Caledonia,5161,Use,1359,Other Pesticides nes,2014,2014,tonnes of active ingredients,0,Q,Official data reported on FAO Questionnaires from countries
RP,Pesticides Use,162,Norway,5161,Use,1357,Pesticides,2014,2014,tonnes of active ingredients,822.1,A,"Aggregate, may include official, semi-official, estimated or calculated data"
RP,Pesticides Use,162,Norway,5161,Use,1309,Insecticides,2014,2014,tonnes of active ingredients,6.88,Q,Official data reported on FAO Questionnaires from countries
RP,Pesticides Use,162,Norway,5161,Use,1320,Herbicides,2014,2014,tonnes of active ingredients,692.24,Q,Official data reported on FAO Questionnaires from countries
RP,Pesticides Use,162,Norway,5161,Use,1331,Fungicides&Bactericides,2014,2014,tonnes of active ingredients,121.9,Q,Official data reported on FAO Questionnaires from countries
RP,Pesticides Use,162,Norway,5161,Use,1352,Seed Treatm Fungicides,2014,2014,tonnes of active ingredients,1.08,Q,Official data reported on FAO Questionnaires from countries
RP,Pesticides Use,162,Norway,5161,Use,1353,Seed Treatm Insecticides,2014,2014,tonnes of active ingredients,0,Q,Official data reported on FAO Questionnaires from countries
RP,Pesticides Use,170,Peru,5161,Use,1357,Pesticides,2014,2014,tonnes of active ingredients,20832.4,A,"Aggregate, may include official, semi-official, estimated or calculated data"
RP,Pesticides Use,170,Peru,5161,Use,1309,Insecticides,2014,2014,tonnes of active ingredients,3943.81,Q,Official data reported on FAO Questionnaires from countries
RP,Pesticides Use,170,Peru,5161,Use,1320,Herbicides,2014,2014,tonnes of active ingredients,9720.1,Q,Official data reported on FAO Questionnaires from countries
RP,Pesticides Use,170,Peru,5161,Use,1331,Fungicides&Bactericides,2014,2014,tonnes of active ingredients,4981.01,Q,Official data reported on FAO Questionnaires from countries
RP,Pesticides Use,170,Peru,5161,Use,1356,Plant Growth Regulators,2014,2014,tonnes of active ingredients,2117.08,Q,Official data reported on FAO Questionnaires from countries
RP,Pesticides Use,173,Poland,5161,Use,1357,Pesticides,2014,2014,tonnes of active ingredients,23556.67,A,"Aggregate, may include official, semi-official, estimated or calculated data"
RP,Pesticides Use,173,Poland,5161,Use,1309,Insecticides,2014,2014,tonnes of active ingredients,1467.11,Q,Official data reported on FAO Questionnaires from countries
RP,Pesticides Use,173,Poland,5161,Use,1320,Herbicides,2014,2014,tonnes of active ingredients,12073.36,Q,Official data reported on FAO Questionnaires from countries
RP,Pesticides Use,173,Poland,5161,Use,1331,Fungicides&Bactericides,2014,2014,tonnes of active ingredients,7350.91,Q,Official data reported on FAO Questionnaires from countries
RP,Pesticides Use,173,Poland,5161,Use,1352,Seed Treatm Fungicides,2014,2014,tonnes of active ingredients,305.93,Q,Official data reported on FAO Questionnaires from countries
RP,Pesticides Use,173,Poland,5161,Use,1353,Seed Treatm Insecticides,2014,2014,tonnes of active ingredients,17.69,Q,Official data reported on FAO Questionnaires from countries
RP,Pesticides Use,173,Poland,5161,Use,1356,Plant Growth Regulators,2014,2014,tonnes of active ingredients,2128.03,Q,Official data reported on FAO Questionnaires from countries
RP,Pesticides Use,173,Poland,5161,Use,1359,Other Pesticides nes,2014,2014,tonnes of active ingredients,213.31,Q,Official data reported on FAO Questionnaires from countries
RP,Pesticides Use,174,Portugal,5161,Use,1357,Pesticides,2014,2014,tonnes of active ingredients,12889.8,A,"Aggregate, may include official, semi-official, estimated or calculated data"
RP,Pesticides Use,174,Portugal,5161,Use,1309,Insecticides,2014,2014,tonnes of active ingredients,314.7,Fm,Manual Estimation
RP,Pesticides Use,174,Portugal,5161,Use,1354,Mineral Oils,2014,2014,tonnes of active ingredients,454.3,Fm,Manual Estimation
RP,Pesticides Use,174,Portugal,5161,Use,1320,Herbicides,2014,2014,tonnes of active ingredients,2411,W,Data reported on country official publications or web sites (Official) or trade country files
RP,Pesticides Use,174,Portugal,5161,Use,1331,Fungicides&Bactericides,2014,2014,tonnes of active ingredients,8244.4,W,Data reported on country official publications or web sites (Official) or trade country files
RP,Pesticides Use,174,Portugal,5161,Use,1356,Plant Growth Regulators,2014,2014,tonnes of active ingredients,1.4,W,Data reported on country official publications or web sites (Official) or trade country files
RP,Pesticides Use,174,Portugal,5161,Use,1359,Other Pesticides nes,2014,2014,tonnes of active ingredients,1462.1,Fm,Manual Estimation
RP,Pesticides Use,117,Republic of Korea,5161,Use,1357,Pesticides,2014,2014,tonnes of active ingredients,19788,A,"Aggregate, may include official, semi-official, estimated or calculated data"
RP,Pesticides Use,117,Republic of Korea,5161,Use,1309,Insecticides,2014,2014,tonnes of active ingredients,6620,W,Data reported on country official publications or web sites (Official) or trade country files
RP,Pesticides Use,117,Republic of Korea,5161,Use,1320,Herbicides,2014,2014,tonnes of active ingredients,5536,W,Data reported on country official publications or web sites (Official) or trade country files
RP,Pesticides Use,117,Republic of Korea,5161,Use,1331,Fungicides&Bactericides,2014,2014,tonnes of active ingredients,5770,W,Data reported on country official publications or web sites (Official) or trade country files
RP,Pesticides Use,117,Republic of Korea,5161,Use,1356,Plant Growth Regulators,2014,2014,tonnes of active ingredients,708,W,Data reported on country official publications or web sites (Official) or trade country files
RP,Pesticides Use,117,Republic of Korea,5161,Use,1359,Other Pesticides nes,2014,2014,tonnes of active ingredients,1154,W,Data reported on country official publications or web sites (Official) or trade country files
RP,Pesticides Use,183,Romania,5161,Use,1357,Pesticides,2014,2014,tonnes of active ingredients,6723.8,A,"Aggregate, may include official, semi-official, estimated or calculated data"
RP,Pesticides Use,183,Romania,5161,Use,1309,Insecticides,2014,2014,tonnes of active ingredients,635.1,Q,Official data reported on FAO Questionnaires from countries
RP,Pesticides Use,183,Romania,5161,Use,1320,Herbicides,2014,2014,tonnes of active ingredients,3795.4,Q,Official data reported on FAO Questionnaires from countries
RP,Pesticides Use,183,Romania,5161,Use,1331,Fungicides&Bactericides,2014,2014,tonnes of active ingredients,2293.3,Q,Official data reported on FAO Questionnaires from countries
RP,Pesticides Use,184,Rwanda,5161,Use,1357,Pesticides,2014,2014,tonnes of active ingredients,2060.91,A,"Aggregate, may include official, semi-official, estimated or calculated data"
RP,Pesticides Use,184,Rwanda,5161,Use,1309,Insecticides,2014,2014,tonnes of active ingredients,233.7,Q,Official data reported on FAO Questionnaires from countries
RP,Pesticides Use,184,Rwanda,5161,Use,1320,Herbicides,2014,2014,tonnes of active ingredients,9.3,Q,Official data reported on FAO Questionnaires from countries
RP,Pesticides Use,184,Rwanda,5161,Use,1331,Fungicides&Bactericides,2014,2014,tonnes of active ingredients,1817.8,Q,Official data reported on FAO Questionnaires from countries
RP,Pesticides Use,184,Rwanda,5161,Use,1353,Seed Treatm Insecticides,2014,2014,tonnes of active ingredients,0.06,Q,Official data reported on FAO Questionnaires from countries
RP,Pesticides Use,188,Saint Kitts and Nevis,5161,Use,1357,Pesticides,2014,2014,tonnes of active ingredients,1.56,A,"Aggregate, may include official, semi-official, estimated or calculated data"
RP,Pesticides Use,188,Saint Kitts and Nevis,5161,Use,1309,Insecticides,2014,2014,tonnes of active ingredients,0.31,Q,Official data reported on FAO Questionnaires from countries
RP,Pesticides Use,188,Saint Kitts and Nevis,5161,Use,1320,Herbicides,2014,2014,tonnes of active ingredients,1.16,Q,Official data reported on FAO Questionnaires from countries
RP,Pesticides Use,188,Saint Kitts and Nevis,5161,Use,1331,Fungicides&Bactericides,2014,2014,tonnes of active ingredients,0.09,Q,Official data reported on FAO Questionnaires from countries
RP,Pesticides Use,195,Senegal,5161,Use,1357,Pesticides,2014,2014,tonnes of active ingredients,609.79,A,"Aggregate, may include official, semi-official, estimated or calculated data"
RP,Pesticides Use,195,Senegal,5161,Use,1309,Insecticides,2014,2014,tonnes of active ingredients,249.74,Q,Official data reported on FAO Questionnaires from countries
RP,Pesticides Use,195,Senegal,5161,Use,1320,Herbicides,2014,2014,tonnes of active ingredients,270.1,Q,Official data reported on FAO Questionnaires from countries
RP,Pesticides Use,195,Senegal,5161,Use,1331,Fungicides&Bactericides,2014,2014,tonnes of active ingredients,16,Q,Official data reported on FAO Questionnaires from countries
RP,Pesticides Use,195,Senegal,5161,Use,1352,Seed Treatm Fungicides,2014,2014,tonnes of active ingredients,35.64,Q,Official data reported on FAO Questionnaires from countries
RP,Pesticides Use,195,Senegal,5161,Use,1353,Seed Treatm Insecticides,2014,2014,tonnes of active ingredients,37.68,Q,Official data reported on FAO Questionnaires from countries
RP,Pesticides Use,199,Slovakia,5161,Use,1357,Pesticides,2014,2014,tonnes of active ingredients,1698.35,A,"Aggregate, may include official, semi-official, estimated or calculated data"
RP,Pesticides Use,199,Slovakia,5161,Use,1309,Insecticides,2014,2014,tonnes of active ingredients,85.44,Q,Official data reported on FAO Questionnaires from countries
RP,Pesticides Use,199,Slovakia,5161,Use,1354,Mineral Oils,2014,2014,tonnes of active ingredients,74.49,Q,Official data reported on FAO Questionnaires from countries
RP,Pesticides Use,199,Slovakia,5161,Use,1320,Herbicides,2014,2014,tonnes of active ingredients,921.26,Q,Official data reported on FAO Questionnaires from countries
RP,Pesticides Use,199,Slovakia,5161,Use,1331,Fungicides&Bactericides,2014,2014,tonnes of active ingredients,416.3,Q,Official data reported on FAO Questionnaires from countries
RP,Pesticides Use,199,Slovakia,5161,Use,1352,Seed Treatm Fungicides,2014,2014,tonnes of active ingredients,35.18,Q,Official data reported on FAO Questionnaires from countries
RP,Pesticides Use,199,Slovakia,5161,Use,1353,Seed Treatm Insecticides,2014,2014,tonnes of active ingredients,7.02,Q,Official data reported on FAO Questionnaires from countries
RP,Pesticides Use,199,Slovakia,5161,Use,1356,Plant Growth Regulators,2014,2014,tonnes of active ingredients,151.56,Q,Official data reported on FAO Questionnaires from countries
RP,Pesticides Use,199,Slovakia,5161,Use,1359,Other Pesticides nes,2014,2014,tonnes of active ingredients,4.73,Q,Official data reported on FAO Questionnaires from countries
RP,Pesticides Use,198,Slovenia,5161,Use,1357,Pesticides,2014,2014,tonnes of active ingredients,1007.7,A,"Aggregate, may include official, semi-official, estimated or calculated data"
RP,Pesticides Use,198,Slovenia,5161,Use,1309,Insecticides,2014,2014,tonnes of active ingredients,33.57,W,Data reported on country official publications or web sites (Official) or trade country files
RP,Pesticides Use,198,Slovenia,5161,Use,1320,Herbicides,2014,2014,tonnes of active ingredients,238.53,W,Data reported on country official publications or web sites (Official) or trade country files
RP,Pesticides Use,198,Slovenia,5161,Use,1331,Fungicides&Bactericides,2014,2014,tonnes of active ingredients,724.5,W,Data reported on country official publications or web sites (Official) or trade country files
RP,Pesticides Use,198,Slovenia,5161,Use,1356,Plant Growth Regulators,2014,2014,tonnes of active ingredients,0.58,W,Data reported on country official publications or web sites (Official) or trade country files
RP,Pesticides Use,198,Slovenia,5161,Use,1359,Other Pesticides nes,2014,2014,tonnes of active ingredients,10.51,W,Data reported on country official publications or web sites (Official) or trade country files
RP,Pesticides Use,203,Spain,5161,Use,1357,Pesticides,2014,2014,tonnes of active ingredients,61067,A,"Aggregate, may include official, semi-official, estimated or calculated data"
RP,Pesticides Use,203,Spain,5161,Use,1309,Insecticides,2014,2014,tonnes of active ingredients,7609,Q,Official data reported on FAO Questionnaires from countries
RP,Pesticides Use,203,Spain,5161,Use,1320,Herbicides,2014,2014,tonnes of active ingredients,14909,Q,Official data reported on FAO Questionnaires from countries
RP,Pesticides Use,203,Spain,5161,Use,1331,Fungicides&Bactericides,2014,2014,tonnes of active ingredients,38393,Q,Official data reported on FAO Questionnaires from countries
RP,Pesticides Use,203,Spain,5161,Use,1356,Plant Growth Regulators,2014,2014,tonnes of active ingredients,156,Q,Official data reported on FAO Questionnaires from countries
RP,Pesticides Use,38,Sri Lanka,5161,Use,1357,Pesticides,2014,2014,tonnes of active ingredients,933.34,A,"Aggregate, may include official, semi-official, estimated or calculated data"
RP,Pesticides Use,38,Sri Lanka,5161,Use,1309,Insecticides,2014,2014,tonnes of active ingredients,211.5,Q,Official data reported on FAO Questionnaires from countries
RP,Pesticides Use,38,Sri Lanka,5161,Use,1320,Herbicides,2014,2014,tonnes of active ingredients,161.91,Q,Official data reported on FAO Questionnaires from countries
RP,Pesticides Use,38,Sri Lanka,5161,Use,1331,Fungicides&Bactericides,2014,2014,tonnes of active ingredients,547.03,Q,Official data reported on FAO Questionnaires from countries
RP,Pesticides Use,38,Sri Lanka,5161,Use,1352,Seed Treatm Fungicides,2014,2014,tonnes of active ingredients,12.9,Q,Official data reported on FAO Questionnaires from countries
RP,Pesticides Use,207,Suriname,5161,Use,1357,Pesticides,2014,2014,tonnes of active ingredients,622.53,A,"Aggregate, may include official, semi-official, estimated or calculated data"
RP,Pesticides Use,207,Suriname,5161,Use,1309,Insecticides,2014,2014,tonnes of active ingredients,73.78,Q,Official data reported on FAO Questionnaires from countries
RP,Pesticides Use,207,Suriname,5161,Use,1354,Mineral Oils,2014,2014,tonnes of active ingredients,186.06,Q,Official data reported on FAO Questionnaires from countries
RP,Pesticides Use,207,Suriname,5161,Use,1320,Herbicides,2014,2014,tonnes of active ingredients,287.34,Q,Official data reported on FAO Questionnaires from countries
RP,Pesticides Use,207,Suriname,5161,Use,1331,Fungicides&Bactericides,2014,2014,tonnes of active ingredients,75.34,Q,Official data reported on FAO Questionnaires from countries
RP,Pesticides Use,210,Sweden,5161,Use,1357,Pesticides,2014,2014,tonnes of active ingredients,1880,A,"Aggregate, may include official, semi-official, estimated or calculated data"
RP,Pesticides Use,210,Sweden,5161,Use,1309,Insecticides,2014,2014,tonnes of active ingredients,44,Q,Official data reported on FAO Questionnaires from countries
RP,Pesticides Use,210,Sweden,5161,Use,1320,Herbicides,2014,2014,tonnes of active ingredients,1499,Q,Official data reported on FAO Questionnaires from countries
RP,Pesticides Use,210,Sweden,5161,Use,1331,Fungicides&Bactericides,2014,2014,tonnes of active ingredients,287,Q,Official data reported on FAO Questionnaires from countries
RP,Pesticides Use,210,Sweden,5161,Use,1352,Seed Treatm Fungicides,2014,2014,tonnes of active ingredients,20,Q,Official data reported on FAO Questionnaires from countries
RP,Pesticides Use,210,Sweden,5161,Use,1356,Plant Growth Regulators,2014,2014,tonnes of active ingredients,30,Q,Official data reported on FAO Questionnaires from countries
RP,Pesticides Use,211,Switzerland,5161,Use,1357,Pesticides,2014,2014,tonnes of active ingredients,2052.24,A,"Aggregate, may include official, semi-official, estimated or calculated data"
RP,Pesticides Use,211,Switzerland,5161,Use,1309,Insecticides,2014,2014,tonnes of active ingredients,109.13,Q,Official data reported on FAO Questionnaires from countries
RP,Pesticides Use,211,Switzerland,5161,Use,1354,Mineral Oils,2014,2014,tonnes of active ingredients,255.22,Q,Official data reported on FAO Questionnaires from countries
RP,Pesticides Use,211,Switzerland,5161,Use,1320,Herbicides,2014,2014,tonnes of active ingredients,703,Q,Official data reported on FAO Questionnaires from countries
RP,Pesticides Use,211,Switzerland,5161,Use,1331,Fungicides&Bactericides,2014,2014,tonnes of active ingredients,952.41,Q,Official data reported on FAO Questionnaires from countries
RP,Pesticides Use,211,Switzerland,5161,Use,1356,Plant Growth Regulators,2014,2014,tonnes of active ingredients,30.87,Q,Official data reported on FAO Questionnaires from countries
RP,Pesticides Use,216,Thailand,5161,Use,1357,Pesticides,2014,2014,tonnes of active ingredients,21800,A,"Aggregate, may include official, semi-official, estimated or calculated data"
RP,Pesticides Use,216,Thailand,5161,Use,1309,Insecticides,2014,2014,tonnes of active ingredients,6838,Q,Official data reported on FAO Questionnaires from countries
RP,Pesticides Use,216,Thailand,5161,Use,1320,Herbicides,2014,2014,tonnes of active ingredients,11091,Q,Official data reported on FAO Questionnaires from countries
RP,Pesticides Use,216,Thailand,5161,Use,1331,Fungicides&Bactericides,2014,2014,tonnes of active ingredients,3433,Q,Official data reported on FAO Questionnaires from countries
RP,Pesticides Use,216,Thailand,5161,Use,1352,Seed Treatm Fungicides,2014,2014,tonnes of active ingredients,38,Q,Official data reported on FAO Questionnaires from countries
RP,Pesticides Use,216,Thailand,5161,Use,1356,Plant Growth Regulators,2014,2014,tonnes of active ingredients,292,Q,Official data reported on FAO Questionnaires from countries
RP,Pesticides Use,217,Togo,5161,Use,1357,Pesticides,2014,2014,tonnes of active ingredients,712.29,A,"Aggregate, may include official, semi-official, estimated or calculated data"
RP,Pesticides Use,217,Togo,5161,Use,1309,Insecticides,2014,2014,tonnes of active ingredients,174.9,Q,Official data reported on FAO Questionnaires from countries
RP,Pesticides Use,217,Togo,5161,Use,1320,Herbicides,2014,2014,tonnes of active ingredients,429.18,Q,Official data reported on FAO Questionnaires from countries
RP,Pesticides Use,217,Togo,5161,Use,1331,Fungicides&Bactericides,2014,2014,tonnes of active ingredients,43.25,Q,Official data reported on FAO Questionnaires from countries
RP,Pesticides Use,217,Togo,5161,Use,1352,Seed Treatm Fungicides,2014,2014,tonnes of active ingredients,0.76,Q,Official data reported on FAO Questionnaires from countries
RP,Pesticides Use,217,Togo,5161,Use,1353,Seed Treatm Insecticides,2014,2014,tonnes of active ingredients,2.7,Q,Official data reported on FAO Questionnaires from countries
RP,Pesticides Use,217,Togo,5161,Use,1359,Other Pesticides nes,2014,2014,tonnes of active ingredients,51.3,Q,Official data reported on FAO Questionnaires from countries
RP,Pesticides Use,219,Tonga,5161,Use,1357,Pesticides,2014,2014,tonnes of active ingredients,15.09,A,"Aggregate, may include official, semi-official, estimated or calculated data"
RP,Pesticides Use,219,Tonga,5161,Use,1309,Insecticides,2014,2014,tonnes of active ingredients,0.54,Q,Official data reported on FAO Questionnaires from countries
RP,Pesticides Use,219,Tonga,5161,Use,1320,Herbicides,2014,2014,tonnes of active ingredients,9.68,Q,Official data reported on FAO Questionnaires from countries
RP,Pesticides Use,219,Tonga,5161,Use,1331,Fungicides&Bactericides,2014,2014,tonnes of active ingredients,4.87,Q,Official data reported on FAO Questionnaires from countries
RP,Pesticides Use,220,Trinidad and Tobago,5161,Use,1357,Pesticides,2014,2014,tonnes of active ingredients,1170.81,A,"Aggregate, may include official, semi-official, estimated or calculated data"
RP,Pesticides Use,220,Trinidad and Tobago,5161,Use,1309,Insecticides,2014,2014,tonnes of active ingredients,1018.55,Q,Official data reported on FAO Questionnaires from countries
RP,Pesticides Use,220,Trinidad and Tobago,5161,Use,1320,Herbicides,2014,2014,tonnes of active ingredients,73.38,Q,Official data reported on FAO Questionnaires from countries
RP,Pesticides Use,220,Trinidad and Tobago,5161,Use,1331,Fungicides&Bactericides,2014,2014,tonnes of active ingredients,78.87,Q,Official data reported on FAO Questionnaires from countries
RP,Pesticides Use,223,Turkey,5161,Use,1357,Pesticides,2014,2014,tonnes of active ingredients,39722.72,A,"Aggregate, may include official, semi-official, estimated or calculated data"
RP,Pesticides Use,223,Turkey,5161,Use,1309,Insecticides,2014,2014,tonnes of active ingredients,9099,Q,Official data reported on FAO Questionnaires from countries
RP,Pesticides Use,223,Turkey,5161,Use,1320,Herbicides,2014,2014,tonnes of active ingredients,7794,Q,Official data reported on FAO Questionnaires from countries
RP,Pesticides Use,223,Turkey,5161,Use,1331,Fungicides&Bactericides,2014,2014,tonnes of active ingredients,16674,Q,Official data reported on FAO Questionnaires from countries
RP,Pesticides Use,223,Turkey,5161,Use,1359,Other Pesticides nes,2014,2014,tonnes of active ingredients,6006.85,Q,Official data reported on FAO Questionnaires from countries
RP,Pesticides Use,230,Ukraine,5161,Use,1357,Pesticides,2014,2014,tonnes of active ingredients,78201,A,"Aggregate, may include official, semi-official, estimated or calculated data"
RP,Pesticides Use,230,Ukraine,5161,Use,1309,Insecticides,2014,2014,tonnes of active ingredients,12851.8,Q,Official data reported on FAO Questionnaires from countries
RP,Pesticides Use,230,Ukraine,5161,Use,1320,Herbicides,2014,2014,tonnes of active ingredients,49952.9,Q,Official data reported on FAO Questionnaires from countries
RP,Pesticides Use,230,Ukraine,5161,Use,1331,Fungicides&Bactericides,2014,2014,tonnes of active ingredients,10578.3,Q,Official data reported on FAO Questionnaires from countries
RP,Pesticides Use,230,Ukraine,5161,Use,1356,Plant Growth Regulators,2014,2014,tonnes of active ingredients,386,Q,Official data reported on FAO Questionnaires from countries
RP,Pesticides Use,230,Ukraine,5161,Use,1358,Disinfectants,2014,2014,tonnes of active ingredients,907,Q,Official data reported on FAO Questionnaires from countries
RP,Pesticides Use,230,Ukraine,5161,Use,1359,Other Pesticides nes,2014,2014,tonnes of active ingredients,3525,Q,Official data reported on FAO Questionnaires from countries
RP,Pesticides Use,229,United Kingdom,5161,Use,1357,Pesticides,2014,2014,tonnes of active ingredients,18392.45,A,"Aggregate, may include official, semi-official, estimated or calculated data"
RP,Pesticides Use,229,United Kingdom,5161,Use,1309,Insecticides,2014,2014,tonnes of active ingredients,637.58,Q,Official data reported on FAO Questionnaires from countries
RP,Pesticides Use,229,United Kingdom,5161,Use,1354,Mineral Oils,2014,2014,tonnes of active ingredients,185.13,Q,Official data reported on FAO Questionnaires from countries
RP,Pesticides Use,229,United Kingdom,5161,Use,1320,Herbicides,2014,2014,tonnes of active ingredients,8081.58,Q,Official data reported on FAO Questionnaires from countries
RP,Pesticides Use,229,United Kingdom,5161,Use,1331,Fungicides&Bactericides,2014,2014,tonnes of active ingredients,6234.47,Q,Official data reported on FAO Questionnaires from countries
RP,Pesticides Use,229,United Kingdom,5161,Use,1352,Seed Treatm Fungicides,2014,2014,tonnes of active ingredients,122.24,Q,Official data reported on FAO Questionnaires from countries
RP,Pesticides Use,229,United Kingdom,5161,Use,1353,Seed Treatm Insecticides,2014,2014,tonnes of active ingredients,385.8,Q,Official data reported on FAO Questionnaires from countries
RP,Pesticides Use,229,United Kingdom,5161,Use,1356,Plant Growth Regulators,2014,2014,tonnes of active ingredients,2745.65,Q,Official data reported on FAO Questionnaires from countries
RP,Pesticides Use,181,Zimbabwe,5161,Use,1357,Pesticides,2014,2014,tonnes of active ingredients,2185.07,A,"Aggregate, may include official, semi-official, estimated or calculated data"
RP,Pesticides Use,181,Zimbabwe,5161,Use,1309,Insecticides,2014,2014,tonnes of active ingredients,1092.25,Q,Official data reported on FAO Questionnaires from countries
RP,Pesticides Use,181,Zimbabwe,5161,Use,1354,Mineral Oils,2014,2014,tonnes of active ingredients,42.77,Q,Official data reported on FAO Questionnaires from countries
RP,Pesticides Use,181,Zimbabwe,5161,Use,1320,Herbicides,2014,2014,tonnes of active ingredients,549.41,Q,Official data reported on FAO Questionnaires from countries
RP,Pesticides Use,181,Zimbabwe,5161,Use,1331,Fungicides&Bactericides,2014,2014,tonnes of active ingredients,359.59,Q,Official data reported on FAO Questionnaires from countries
RP,Pesticides Use,181,Zimbabwe,5161,Use,1352,Seed Treatm Fungicides,2014,2014,tonnes of active ingredients,0.41,Q,Official data reported on FAO Questionnaires from countries
RP,Pesticides Use,181,Zimbabwe,5161,Use,1353,Seed Treatm Insecticides,2014,2014,tonnes of active ingredients,7.24,Q,Official data reported on FAO Questionnaires from countries
RP,Pesticides Use,181,Zimbabwe,5161,Use,1356,Plant Growth Regulators,2014,2014,tonnes of active ingredients,133.4,Q,Official data reported on FAO Questionnaires from countries
